college,dept
公衛學院,公衛系
工學院,化工系
工學院,土木系
工學院,工科海洋系
工學院,材料系
工學院,機械系
文學院,中文國際學士班
文學院,中文系
文學院,人類系
文學院,哲學系
文學院,圖資系
文學院,外文系
文學院,戲劇系
文學院,日文系
文學院,歷史系
法學院,法律系司法組
法學院,法律系法學組
法學院,法律系財法組
理學院,化學系
理學院,地理系
理學院,地質系
理學院,大氣系
理學院,心理系
理學院,數學系
理學院,物理系
生科學院,生技系
生科學院,生科系
生農學院,動物科技系
生農學院,園藝系
生農學院,昆蟲系
生農學院,森林環資系
生農學院,植微系
生農學院,獸醫系
生農學院,生傳系
生農學院,生工系
生農學院,生物機電系
生農學院,農化系
生農學院,農經系
生農學院,農藝系
社科院,政治系公行組
社科院,政治系國關組
社科院,政治系政論組
社科院,社工系
社科院,社會系
社科院,經濟系
管理學院,國企系
管理學院,工管系企管組
管理學院,工管系科管組
管理學院,會計系
管理學院,財金系
管理學院,資管系
醫學院,牙醫系
醫學院,物治系
醫學院,職治系
醫學院,藥學系
醫學院,護理系
醫學院,醫學系
醫學院,醫技系
電資學院,資工系
電資學院,電機系
社科院,政治系
法學院,法律系
生農學院,生機系
生農學院,森林系
管理學院,工管系
工學院,工海系
生農學院,動科系
醫學院,醫工系
